{
  "x_train": [
    -1.0,
    -0.8181818127632141,
    -0.6363636255264282,
    -0.45454543828964233,
    -0.27272725105285645,
    -0.09090906381607056,
    0.09090906381607056,
    0.27272725105285645,
    0.45454543828964233,
    0.6363636255264282,
    0.8181818127632141,
    1.0
  ],
  "y_train": [
    0.6295838952064514,
    1.3109369277954102,
    -0.4209798574447632,
    -0.29891160130500793,
    -1.438166856765747,
    -0.36416223645210266,
    0.8731249570846558,
    0.5917999148368835,
    1.2629806995391846,
    -0.49647560715675354,
    -0.25418412685394287,
    -1.2173646688461304
  ],
  "x_test": [
    -1.0,
    -0.8666666746139526,
    -0.7333333492279053,
    -0.5999999642372131,
    -0.46666663885116577,
    -0.3333333134651184,
    -0.19999992847442627,
    -0.0666666030883789,
    0.0666666030883789,
    0.19999992847442627,
    0.3333333134651184,
    0.46666663885116577,
    0.5999999642372131,
    0.7333333492279053,
    0.8666666746139526,
    1.0
  ],
  "y_test": [
    0.57908034324646,
    1.3827379941940308,
    0.5034899711608887,
    -0.5966851711273193,
    -0.34613466262817383,
    -0.8535770773887634,
    -1.3364670276641846,
    -0.057042837142944336,
    0.5973459482192993,
    0.3464745879173279,
    1.1372387409210205,
    1.1000372171401978,
    -0.31444472074508667,
    -0.49906429648399353,
    -0.4752911627292633,
    -1.3387682437896729
  ],
  "y_pred": [
    0.10611780732870102,
    0.08981792628765106,
    0.07038307189941406,
    0.04772791266441345,
    0.022002087906003,
    -0.0018510203808546066,
    -0.021835356950759888,
    -0.03798840567469597,
    -0.049974579364061356,
    -0.05566474795341492,
    -0.05468479171395302,
    -0.04699719324707985,
    -0.03181738406419754,
    -0.007291581481695175,
    0.02673952281475067,
    -0.09048014879226685
  ]
}